"Mechanism","Gate","Evidence","Status","Final"
"T Value","Value > Uniform/H65","Pending measured evidence","WAITING","no"
"D Value","Policy-level Value > Uniform; A75/F100 diagnostic","Pending measured evidence","WAITING","no"
"S Value","Value > Uniform; A100/F75 diagnostic","Pending measured evidence","WAITING","no"
"Nested DS","Joint > best single; single-axis gate first","Pending measured evidence","WAITING","no"
"Graph Context","Regret improves + downstream improves; matched MLP","Pending measured evidence","WAITING","no"
"Graph Recovery","Improvement over matched Cross_fresh","Pending measured evidence","WAITING","no"
"FVD","Actual drift + function forecast + downstream gain","Pending measured evidence","WAITING","no"
"DB","Trained-tier oracle gap + learned planner gain","Pending measured evidence","WAITING","no"
"Raw","Domain headroom + learned value + matched retraining","Pending measured evidence","WAITING","no"
